{
    "name": "Data_Orchestration_Pipeline",
    "properties": {
        "activities": [
            {
                "name": "Copy data",
                "type": "Copy",
                "dependsOn": [],
                "policy": {
                    "timeout": "0.12:00:00",
                    "retry": 0,
                    "retryIntervalInSeconds": 30,
                    "secureOutput": false,
                    "secureInput": false
                },
                "userProperties": [],
                "typeProperties": {
                    "source": {
                        "type": "ParquetSource",
                        "storeSettings": {
                            "type": "AzureBlobFSReadSettings",
                            "recursive": true,
                            "enablePartitionDiscovery": false
                        },
                        "formatSettings": {
                            "type": "ParquetReadSettings"
                        }
                    },
                    "sink": {
                        "type": "SqlPoolSink",
                        "allowCopyCommand": true
                    },
                    "enableStaging": false
                },
                "inputs": [
                    {
                        "referenceName": "Parquet1",
                        "type": "DatasetReference"
                    }
                ],
                "outputs": [
                    {
                        "referenceName": "SqlPoolTable1",
                        "type": "DatasetReference"
                    }
                ]
            }
        ],
        "annotations": []
    }
}