{
    "name": "Parquet1",
    "properties": {
        "linkedServiceName": {
            "referenceName": "ultimate-azure-synapse-analytics-WorkspaceDefaultStorage",
            "type": "LinkedServiceReference"
        },
        "annotations": [],
        "type": "Parquet",
        "typeProperties": {
            "location": {
                "type": "AzureBlobFSLocation",
                "fileName": "NYCTripSmall.parquet",
                "fileSystem": "ultimatefile"
            },
            "compressionCodec": "snappy"
        },
        "schema": [
            {
                "name": "VendorID",
                "type": "INT_32"
            },
            {
                "name": "lpep_pickup_datetime",
                "type": "INT96"
            },
            {
                "name": "lpep_dropoff_datetime",
                "type": "INT96"
            },
            {
                "name": "store_and_fwd_flag",
                "type": "UTF8"
            },
            {
                "name": "RatecodeID",
                "type": "INT_64"
            },
            {
                "name": "PULocationID",
                "type": "INT_32"
            },
            {
                "name": "DOLocationID",
                "type": "INT_32"
            },
            {
                "name": "passenger_count",
                "type": "INT_64"
            },
            {
                "name": "trip_distance",
                "type": "DOUBLE"
            },
            {
                "name": "fare_amount",
                "type": "DOUBLE"
            },
            {
                "name": "extra",
                "type": "DOUBLE"
            },
            {
                "name": "mta_tax",
                "type": "DOUBLE"
            },
            {
                "name": "tip_amount",
                "type": "DOUBLE"
            },
            {
                "name": "tolls_amount",
                "type": "DOUBLE"
            },
            {
                "name": "ehail_fee",
                "type": "DOUBLE"
            },
            {
                "name": "improvement_surcharge",
                "type": "DOUBLE"
            },
            {
                "name": "total_amount",
                "type": "DOUBLE"
            },
            {
                "name": "payment_type",
                "type": "INT_64"
            },
            {
                "name": "trip_type",
                "type": "INT_64"
            },
            {
                "name": "congestion_surcharge",
                "type": "DOUBLE"
            }
        ]
    }
}