{
    "name": "SqlPoolTable1",
    "properties": {
        "annotations": [],
        "type": "SqlPoolTable",
        "schema": [
            {
                "name": "VendorID",
                "type": "int",
                "precision": 10
            },
            {
                "name": "lpep_pickup_datetime",
                "type": "datetime2",
                "scale": 7
            },
            {
                "name": "lpep_dropoff_datetime",
                "type": "datetime2",
                "scale": 7
            },
            {
                "name": "store_and_fwd_flag",
                "type": "nvarchar"
            },
            {
                "name": "RatecodeID",
                "type": "bigint",
                "precision": 19
            },
            {
                "name": "PULocationID",
                "type": "int",
                "precision": 10
            },
            {
                "name": "DOLocationID",
                "type": "int",
                "precision": 10
            },
            {
                "name": "passenger_count",
                "type": "bigint",
                "precision": 19
            },
            {
                "name": "trip_distance",
                "type": "float",
                "precision": 15
            },
            {
                "name": "fare_amount",
                "type": "float",
                "precision": 15
            },
            {
                "name": "extra",
                "type": "float",
                "precision": 15
            },
            {
                "name": "mta_tax",
                "type": "float",
                "precision": 15
            },
            {
                "name": "tip_amount",
                "type": "float",
                "precision": 15
            },
            {
                "name": "tolls_amount",
                "type": "float",
                "precision": 15
            },
            {
                "name": "ehail_fee",
                "type": "float",
                "precision": 15
            },
            {
                "name": "improvement_surcharge",
                "type": "float",
                "precision": 15
            },
            {
                "name": "total_amount",
                "type": "float",
                "precision": 15
            },
            {
                "name": "payment_type",
                "type": "bigint",
                "precision": 19
            },
            {
                "name": "trip_type",
                "type": "bigint",
                "precision": 19
            },
            {
                "name": "congestion_surcharge",
                "type": "float",
                "precision": 15
            }
        ],
        "typeProperties": {
            "schema": "dbo",
            "table": "NYCTaxidata"
        },
        "sqlPool": {
            "referenceName": "azuresynapse",
            "type": "SqlPoolReference"
        }
    }
}