{
    "now": "2023-11-27T07:10:27.949Z",
    "perfNow": 146325721.59999996,
    "diagnosticCorrelation": "c50b8eb8-4dff-45d4-9bb8-75fe633f0cd6",
    "source": "DownloadSupportFiles",
    "environment": {
        "productName": "a365",
        "buildVersion": "23.1106.03",
        "environmentType": 9,
        "resourceName": "ultimate-azure-synapse-analytics",
        "resourceRegion": "eastus",
        "resourceGroup": "ultimate-azure-synapse-analytics-rg",
        "subscriptionId": "cfb07fe9-c819-4ee8-8b71-901e9c8c240a",
        "sessionId": "E+zEI",
        "operationId": "clZC5",
        "gitType": "live"
    },
    "additionalInfo": {
        "selectedResource": "Data_Orchestration_Pipeline",
        "selectedResourceType": "pipeline"
    }
}